New Folio No. ,Entry No.,Entry Part,Person - Title,Person - First name,Person - Last Name - Prefix,Person - Last Name - as written,Person -  Qualification,Person - further description,Person - place of residence - as written,Role - role in entry,Role - associated place - as written,Role - associated place - type,Occupation 1  - employment,Status 1  - office,Status 1 - associated place - as written,Status 1 - associated place - standard,Status 1 - associated place - type,Status 2 - office,Status 2 - associated place - as written,Status 2 - associated place - type,Status 3 - office,Status 3 - Place - as written,Status 3 - Place - Type,Status 4,Status 4 - place - as written,Status 4 - place - type,Status 5,Status 5 - place - as written,Status 5 - place - type,Status 6,Status 6 - place - as written,Status 6 - place - type
108 v - 108 v,1401,,Sir,John,de,Botheby,,,,licensee,,,,,,,,,,,,,,,,,,,,,,
108 v - 108 v,1401,,Sir,John,de,Botheby,,,,promoter,Ebor',,,,,,,,,,,,,,,,,,,,,
108 v - 108 v,1402,,,Radulpho,de,Ripon',,,,licensee,Ebor',,,,,,,,,,,,,,,,,,,,,
108 v - 108 v,1402,,,William,,Conyngisholme,,,,licensee,Inskippe,,,,,,,,,,,,,,,,,,,,,
108 v - 108 v,1403,,Sir,William,de,Kighlay,,,,licensee,,,,,,,,,,,,,,,,,,,,,,
108 v - 108 v,1403,,,,,,,,,promoter,Hornby,oratory of his castle,,Offic',,,,,,,,,,,,,,,,,,
108 v - 108 v,1404,,Sir,Robert,,Nevill,,,,licensee,,,knight,,,,,,,,,,,,,,,,,,,
108 v - 108 v,1404,,,,,,,,,promoter,,,,Offic',,,,,,,,,,,,,,,,,,
108 v - 108 v,1405,,,Richard,,Radclif,,,apud Wymerlegh,licensee,,,,,,,,,,,,,,,,,,,,,,
108 v - 108 v,1405,,,Edmund,,Merstawe,,,,promoter,,,,,,,,,,,,,,,,,,,,,,
108 v - 108 v,1406,,,Thomas,,Riggemayden,,,apud Wodacr',licensee,,,,,,,,,,,,,,,,,,,,,,
108 v - 108 v,1406,,,Edmund,,Merstawe,,,,promoter,,,,,,,,,,,,,,,,,,,,,,
108 v - 108 v,1407,,Sir,John,,Brignayl,,,apud Ebor',licensee,,,,,,,,,,,,,,,,,,,,,,
108 v - 108 v,1407,,,J,,Clune,,,,promoter,Swillington',oratory,,,,,,,,,,,,,,,,,,,,
108 v - 108 v,1408,,Sir,Robert,,Robert de Swillington',,,,licensee,,,,,,,,,,,,,,,,,,,,,,
108 v - 108 v,1408,,Sir,Robert,,Robert de Swillington',,,,promoter,,,,,,,,,,,,,,,,,,,,,,
108 v - 108 v,1409,,Sir,Brian,de,Stapilton',,,apud Helagh,licensee,,,,,,,,,,,,,,,,,,,,,,
108 v - 108 v,1409,,Sir,Brian,de,Stapilton',,,apud Helagh,promoter,Kayvill,oratory,,,,,,,,,,,,,,,,,,,,
108 v - 108 v,1410,,Sir,Thomas,,Bosvyll,,,,licensee,,,knight,,,,,,,,,,,,,,,,,,,
108 v - 108 v,1410,,Sir,Thomas,,Bosvyll,,,,promoter,,,knight,,,,,,,,,,,,,,,,,,,
108 v - 108 v,1411,,,Edmund,de,Merstowe,,,,licensee,,,,,,,,,,,,,,,,,,,,,,
108 v - 108 v,1411,,,Edmund,de,Merstowe,,,,promoter,,,,,,,,,,,,,,,,,,,,,,
108 v - 108 v,1412,,,John,,Percy,,,apud Levynton',licensee,,,,,,,,,,,,,,,,,,,,,,
108 v - 108 v,1412,,,John,,Percy,,,apud Levynton',promoter,Pikton',oratory,,,,,,,,,,,,,,,,,,,,
108 v - 108 v,1413,,,John,,Gower,,,,licensee,,,,,,,,,,,,,,,,,,,,,,
108 v - 108 v,1414,,Sir,William,,Percehay,,,,licensee,,,,,,,,,,,,,,,,,,,,,,
108 v - 108 v,1415,,Sir,Lyonel,,Bautry,,,,licensee,,,knight,,,,,,,,,,,,,,,,,,,
108 v - 108 v,1415,,Sir,Lyonel,,Bautry,,,,promoter,,,knight,,,,,,,,,,,,,,,,,,,
108 v - 108 v,1416,,,Thomas,,Dantry,,,,licensee,,,,,,,,,,,,,,,,,,,,,,
108 v - 108 v,1416,,Sir,Lyonel,,Bautry,,,,promoter,,,knight,,,,,,,,,,,,,,,,,,,
108 v - 108 v,1417,,,John,,Salmon,,,,licensee,,,,,,,,,,,,,,,,,,,,,,
108 v - 108 v,1417,,,Robert,,Morton',,,,promoter,,,,,,,,,,,,,,,,,,,,,,
108 v - 108 v,1418,,,John,de,Aske,,,,licensee,,,,,,,,,,,,,,,,,,,,,,
108 v - 108 v,1418,,,John,de,Aske,,,,promoter,,,,,,,,,,,,,,,,,,,,,,
108 v - 108 v,1419,,,John,de,Kirkby,,,,licensee,,,,,,,,,,,,,,,,,,,,,,
108 v - 108 v,1419,,,John,de,Kirkby,,,,promoter,,,,,,,,,,,,,,,,,,,,,,
108 v - 108 v,1420,,,Thomas,de,Saltmersk',,,,licensee,,,,,,,,,,,,,,,,,,,,,,
108 v - 108 v,1420,,,Thomas,de,Saltmersk',,,,promoter,,,,,,,,,,,,,,,,,,,,,,
108 v - 108 v,1421,,Sir,Gerard,de,Usflete,,,,licensee,,,,,,,,,,,,,,,,,,,,,,
108 v - 108 v,1421,,Sir,Gerard,de,Usflete,,,,promoter,,,,,,,,,,,,,,,,,,,,,,
108 v - 108 v,1422,,,Robert,,Paslewe,,,,licensee,,,,,,,,,,,,,,,,,,,,,,
108 v - 108 v,1422,,,Robert,,Paslewe,,,,promoter,,,,,,,,,,,,,,,,,,,,,,
108 v - 108 v,1423,,,Thomas,de,Thwayt,,,,licensee,,,,,,,,,,,,,,,,,,,,,,
108 v - 108 v,1423,,Sir,Richard,de,Thornton',,,,promoter,,,,,,,,,,,,,,,,,,,,,,
108 v - 108 v,1424,,,Robert,de,Rokley,,,,licensee,,,,,,,,,,,,,,,,,,,,,,
108 v - 108 v,1424,,,John,,Elys,,,,promoter,,,,,,,,,,,,,,,,,,,,,,
108 v - 108 v,1425,,Sir,John,,Savyll',,,,licensee,,,knight,,,,,,,,,,,,,,,,,,,
108 v - 108 v,1425,,,,,,,,,promoter,,,,Offic',,,,,,,,,,,,,,,,,,
108 v - 108 v,1426,,,Simon,de,Marton',,,,licensee,,,,,,,,,,,,,,,,,,,,,,
108 v - 108 v,1426,,,,,,,,,promoter,,,,Offic',,,,,,,,,,,,,,,,,,
108 v - 108 v,1427,,,Robert,de,Haldanby,,,,licensee,,,,,,,,,,,,,,,,,,,,,,
108 v - 108 v,1427,,,,,,,,,promoter,,,,sheriff,Newerk,,,,,,,,,,,,,,,,,
108 v - 108 v,1428,,Sir,Thomas,,Ughtrede,,,,licensee,,,knight,,,,,,,,,,,,,,,,,,,
108 v - 108 v,1428,,Sir,Thomas,,Ughtrede,,,,promoter,,,knight,,,,,,,,,,,,,,,,,,,
108 v - 108 v,1429,,Sir,Richard,de,Huwke,,,,licensee,,,,,,,,,,,,,,,,,,,,,,
108 v - 108 v,1429,,Sir,Richard,de,Huwke,,,,promoter?,,,,,,,,,,,,,,,,,,,,,,
108 v - 108 v,1430,,,John,de,Sadington',,,,licensee,,,,,,,,,,,,,,,,,,,,,,
108 v - 108 v,1430,,,John,de,Sadington',,,,promoter?,,,,,,,,,,,,,,,,,,,,,,
108 v - 108 v,1431,,Sir,Simon,de,Heslarton',,,apud Ake,licensee,Brigham,,,,,,,,,,,,,,,,,,,,,
108 v - 108 v,1432,,,Elizabeth,de,Brigham,,,,licensee,,,,,,,,,,,,,,,,,,,,,,
108 v - 108 v,1432,,,Robert,de,Dautry/Dantry,,,,promoter,Frismersk,two oratories,,,,,,,,,,,,,,,,,,,,
108 v - 108 v,1433,,,Elizabeth,de,Brigham,,,,licensee,,,,,,,,,,,,,,,,,,,,,,
108 v - 108 v,1433,,Sir,T,de,Sancto Martino,,,,promoter,,,,,,,,,,,,,,,,,,,,,,
108 v - 108 v,1434,,,Nicholas,,Brokholes,,,,licensee,,,,,,,,,,,,,,,,,,,,,,
108 v - 108 v,1434,,,,,,,,,promoter,,,,abbot,Sallay,,monastery,,,,,,,,,,,,,,,
108 v - 108 v,1435,,,John,,Regmayden',,,apud Wodacre,licensee,,,,,,,,rector,,,,,,,,,,,,,,
108 v - 108 v,1435,,Brother,R,de,Brettelay,,,,promoter,,,,monk,Dunelm',,,oratory owner,Auston',church,,,,,,,,,,,,
108 v - 108 v,1436,,,William,de,Aghton',,,,licensee,,,,,,,,,Bedall,oratory,oratory owner,Laton',oratory,,,,,,,,,
108 v - 108 v,1436,,Brother,R,de,Brettelay,,,,promoter,,,,monk,Dunelm',,,,,,,,,,,,,,,,,
108 v - 108 v,1437,,,T,de,Barton',,,apud Barton',licensee,,,,,,,,,,,,,,,,,,,,,,
108 v - 108 v,1437,,Brother,R,de,Brettelay,,,,promoter,Ebor' dioc',oratories,,monk,Dunelm',,,,,,,,,,,,,,,,,
108 v - 108 v,1438,,Lady,,de,Clifford,,,,licensee,,,,,,,,,,,,,,,,,,,,,,
108 v - 108 v,1439,,,Richard,de,Fyncheden',,,apud Wermthorp',licensee,,,,,,,,,,,,,,,,,,,,,,
108 v - 108 v,1440,,Sir,Richard,de,Outhorp,,,,licensee,Ebor',oratory,,,,,,,,,,,,,,,,,,,,
108 v - 108 v,1441,,,Nicholas,de,Sheffeld,,,,licensee,Ebor' dioc',oratories,,owner of oratory,Fontayns,,oratory,,,,,,,,,,,,,,,
108 v - 108 v,1442,,Sir,Adam,de,Everyngham,,,,licensee,,,,,,,,,,,,,,,,,,,,,,
108 v - 108 v,1443,,,Nicholas,,Dymmok,,,,licensee,,,,,,,,,,,,,,,,,,,,,,
108 v - 108 v,1443,,Sir,Adam,de,Everyngham,,,,promoter,,,,,,,,,,,,,,,,,,,,,,
108 v - 108 v,1444,,Sir,John,de,Waddeslay,,,apud Waddeslay,licensee,,,,,,,,,,,,,,,,,,,,,,
108 v - 108 v,1444,,,R,,Pykeryng,,,,promoter,Ebor' dioc',oratories,,,,,,,,,,,,,,,,,,,,
108 v - 108 v,1445,,,P,,Lord H,,Lord de Percy,,licensee,,,,,,,,,,,,,,,,,,,,,,
108 v - 108 v,1446,,Brother,John,de,Warthur,,,,licensee,,,,hermit,"Grymmeston', in capella sancte Elene",,chapel,,,,,,,,,,,,,,,
108 v - 108 v,1447,,,Thomas,de,Otton,,,,licensee,,,,,,,,,,,,,,,,,,,,,,
108 v - 108 v,1448,,,John,de,Rothum,,,,licensee,,,,,,,,,,,,,,,,,,,,,,
108 v - 108 v,1449,,,Henry,de,Ribbestane,,,,licensee,,,,,,,,,,,,,,,,,,,,,,
108 v - 108 v,1449,,Lord,,,Percy,,,,promoter,,,,,,,,,,,,,,,,,,,,,,
108 v - 108 v,1450,,,Henry,de,Shirwode,,,,licensee,,,,,,,,,,,,,,,,,,,,,,
108 v - 108 v,1451,,,John,de,Baylay,,,apud Aughton',licensee,,,,,,,,,,,,,,,,,,,,,,
108 v - 108 v,1452,,,Joan,,Taverner,,,de Beverl',licensee,Whetelay,oratory,,,,,,,,,,,,,,,,,,,,
108 v - 108 v,1453,,,John,de,Whetely,,,,licensee,,,,,,,,,,,,,,,,,,,,,,
108 v - 108 v,1454,,,Richard,,Spenser,,,,licensee,,,haraude,,,,,,,,,,,,,,,,,,,
108 v - 108 v,1454,,,Isabell,,Spenser,,,,licensee,,,haraude's wife,,,,,,,,,,,,,,,,,,,
109 r - 109 r,1455,,Dame,Alice,de,Northland,,,,licensee,,,,,,,,,,,,,,,,,,,,,,
109 r - 109 r,1456,,Sir,Robert,de,Swyllyngton',,,,licensee,,,,,,,,,,,,,,,,,,,,,,
109 r - 109 r,1457,,Sir,Peter,,Mawelverer,,,,licensee,,,,,,,,,,,,,,,,,,,,,,
109 r - 109 r,1458,,Dame,Matilda/Maud,de,Novomarcato,,,,licensee,,,,,,,,,,,,,,,,,,,,,,
109 r - 109 r,1458,,,John,de,Novomarcato,,,,promoter,,,,,,,,,,,,,,,,,,,,,,
109 v - 109 v,1459,,,,,,,,,to attend Convocation,,,,archbishop,Ebor',,archdiocese,,,,,,,,,,,,,,,
109 v - 109 v,1459,,,,,,,,,to attend Convocation,,,,bishop,Dunelm',,diocese,,,,,,,,,,,,,,,
109 v - 109 v,1459,,,,,,,,,to attend Convocation,,,,bishop,Karleonlen',,diocese,,,,,,,,,,,,,,,
109 v - 109 v,1459,,,,,,,,,to attend Convocation,,,,dean,Ebor',,church,,,,,,,,,,,,,,,
109 v - 109 v,1459,,,,,,,,,to attend Convocation,,,,archdeacon,Richem',,archdeaconry,,,,,,,,,,,,,,,
109 v - 109 v,1459,,,,,,,,,to attend Convocation,,,,archdeacon,Ebor',,archdeaconry,,,,,,,,,,,,,,,
109 v - 109 v,1459,,,,,,,,,to attend Convocation,,,,archdeacon,Estriding',,archdeaconry,,,,,,,,,,,,,,,
109 v - 109 v,1459,,,,,,,,,to attend Convocation,,,,archdeacon,Cleveland,,archdeaconry,,,,,,,,,,,,,,,
109 v - 109 v,1459,,,,,,,,,to attend Convocation,,,,archdeacon,Notyngham,,archdeaconry,,,,,,,,,,,,,,,
109 v - 109 v,1459,,,,,,,,,to attend Convocation,,,,chancellor,Ebor',,[church],,,,,,,,,,,,,,,
109 v - 109 v,1459,,,,,,,,,to attend Convocation,,,,treasurer,Ebor',,[church],,,,,,,,,,,,,,,
109 v - 109 v,1459,,,,,,,,,to attend Convocation,,,,precentor,Ebor',,church,,,,,,,,,,,,,,,
109 v - 109 v,1459,,,,,,,,,to attend Convocation,,,,subdean,Ebor',,church,,,,,,,,,,,,,,,
109 v - 109 v,1459,,,,,,,,,to attend Convocation,,,,chapter,Ebor',,church,,,,,,,,,,,,,,,
109 v - 109 v,1459,,,,,,,,,to attend Convocation,,,,chapter,Beverlac',,[collegiate church],,,,,,,,,,,,,,,
109 v - 109 v,1459,,,,,,,,,to attend Convocation,,,,chapter,Ripon',,[collegiate church],,,,,,,,,,,,,,,
109 v - 109 v,1459,,,,,,,,,to attend Convocation,,,,chapter,Southwell,,[collegiate church],,,,,,,,,,,,,,,
109 v - 109 v,1459,,,,,,,,,to attend Convocation,,,,chapter,Houden',,[collegiate church],,,,,,,,,,,,,,,
109 v - 109 v,1459,,,,,,,,,to attend Convocation,,,,provost,Beverlac',,church,,,,,,,,,,,,,,,
109 v - 109 v,1459,,,,,,,,,to attend Convocation,,,,sacrist,beate marie & sanctorum angelorum Ebor' [erased],,chapel [erased],,,,,,,,,,,,,,,
109 v - 109 v,1459,,,,,,,,,"to attend Convocation, religious and clergy, archdeaconry of York",,,,abbot,beate marie Ebor',,abbey,,,,,,,,,,,,,,,
109 v - 109 v,1459,,,,,,,,,"to attend Convocation, religious and clergy, archdeaconry of York",,,,convent,beate marie Ebor',,abbey,,,,,,,,,,,,,,,
109 v - 109 v,1459,,,,,,,,,"to attend Convocation, religious and clergy, archdeaconry of York",,,,abbot,Selby,,abbey,,,,,,,,,,,,,,,
109 v - 109 v,1459,,,,,,,,,"to attend Convocation, religious and clergy, archdeaconry of York",,,,convent,Selby,,abbey,,,,,,,,,,,,,,,
109 v - 109 v,1459,,,,,,,,,"to attend Convocation, religious and clergy, archdeaconry of York",,,,abbot,Rupe,,abbey,,,,,,,,,,,,,,,
109 v - 109 v,1459,,,,,,,,,"to attend Convocation, religious and clergy, archdeaconry of York",,,,convent,Rupe,,abbey,,,,,,,,,,,,,,,
109 v - 109 v,1459,,,,,,,,,"to attend Convocation, religious and clergy, archdeaconry of York",,,,abbot,Kirkstall,,abbey,,,,,,,,,,,,,,,
109 v - 109 v,1459,,,,,,,,,"to attend Convocation, religious and clergy, archdeaconry of York",,,,convent,Kirkstall,,abbey,,,,,,,,,,,,,,,
109 v - 109 v,1459,,,,,,,,,"to attend Convocation, religious and clergy, archdeaconry of York",,,,prior,sancti Oswaldi,,priory,,,,,,,,,,,,,,,
109 v - 109 v,1459,,,,,,,,,"to attend Convocation, religious and clergy, archdeaconry of York",,,,convent,sancti Oswaldi,,priory,,,,,,,,,,,,,,,
109 v - 109 v,1459,,,,,,,,,"to attend Convocation, religious and clergy, archdeaconry of York",,,,prior,Bolton in Craven,,priory,,,,,,,,,,,,,,,
109 v - 109 v,1459,,,,,,,,,"to attend Convocation, religious and clergy, archdeaconry of York",,,,convent,Bolton in Craven,,priory,,,,,,,,,,,,,,,
109 v - 109 v,1459,,,,,,,,,"to attend Convocation, religious and clergy, archdeaconry of York",,,,prior,Munkbretton',,priory,,,,,,,,,,,,,,,
109 v - 109 v,1459,,,,,,,,,"to attend Convocation, religious and clergy, archdeaconry of York",,,,convent,Munkbretton',,priory,,,,,,,,,,,,,,,
109 v - 109 v,1459,,,,,,,,,"to attend Convocation, religious and clergy, archdeaconry of York",,,,prior,Drax,,priory,,,,,,,,,,,,,,,
109 v - 109 v,1459,,,,,,,,,"to attend Convocation, religious and clergy, archdeaconry of York",,,,convent,Drax,,priory,,,,,,,,,,,,,,,
109 v - 109 v,1459,,,,,,,,,"to attend Convocation, religious and clergy, archdeaconry of York",,,,prior,Pontiffr',,priory,,,,,,,,,,,,,,,
109 v - 109 v,1459,,,,,,,,,"to attend Convocation, religious and clergy, archdeaconry of York",,,,convent,Pontiffr',,priory,,,,,,,,,,,,,,,
109 v - 109 v,1459,,,,,,,,,"to attend Convocation, religious and clergy, archdeaconry of York",,,,prior,parco de Helagh,,priory,,,,,,,,,,,,,,,
109 v - 109 v,1459,,,,,,,,,"to attend Convocation, religious and clergy, archdeaconry of York",,,,convent,parco de Helagh,,priory,,,,,,,,,,,,,,,
109 v - 109 v,1459,,,,,,,,,"to attend Convocation, religious and clergy, archdeaconry of York",,,,prior,sancte Andree iuxta Ebor',,priory,,,,,,,,,,,,,,,
109 v - 109 v,1459,,,,,,,,,"to attend Convocation, religious and clergy, archdeaconry of York",,,,convent,sancte Andree iuxta Ebor',,priory,,,,,,,,,,,,,,,
109 v - 109 v,1459,,,,,,,,,"to attend Convocation, religious and clergy, archdeaconry of York",,,,archdeacon's official,[York],,[archdeaconry],,,,,,,,,,,,,,,
109 v - 109 v,1459,,,,,,,,,"to attend Convocation, religious and clergy, archdeaconry of York",,,,proctors of clergy,[York],,[archdeaconry],,,,,,,,,,,,,,,
109 v - 109 v,1459,,,,,,,,,"to attend Convocation, religious and clergy, archdeaconry of East Riding",,,,abbot,Melsa,,abbey,,,,,,,,,,,,,,,
109 v - 109 v,1459,,,,,,,,,"to attend Convocation, religious and clergy, archdeaconry of East Riding",,,,convent,Melsa,,abbey,,,,,,,,,,,,,,,
109 v - 109 v,1459,,,,,,,,,"to attend Convocation, religious and clergy, archdeaconry of East Riding",,,,prior,Bridlington',,priory,,,,,,,,,,,,,,,
109 v - 109 v,1459,,,,,,,,,"to attend Convocation, religious and clergy, archdeaconry of East Riding",,,,convent,Bridlington',,priory,,,,,,,,,,,,,,,
109 v - 109 v,1459,,,,,,,,,"to attend Convocation, religious and clergy, archdeaconry of East Riding",,,,prior,Kirkham,,priory,,,,,,,,,,,,,,,
109 v - 109 v,1459,,,,,,,,,"to attend Convocation, religious and clergy, archdeaconry of East Riding",,,,convent,Kirkham,,priory,,,,,,,,,,,,,,,
109 v - 109 v,1459,,,,,,,,,"to attend Convocation, religious and clergy, archdeaconry of East Riding",,,,prior,Watton',,priory,,,,,,,,,,,,,,,
109 v - 109 v,1459,,,,,,,,,"to attend Convocation, religious and clergy, archdeaconry of East Riding",,,,convent,Watton',,priory,,,,,,,,,,,,,,,
109 v - 109 v,1459,,,,,,,,,"to attend Convocation, religious and clergy, archdeaconry of East Riding",,,,prior,Wartre,,priory,,,,,,,,,,,,,,,
109 v - 109 v,1459,,,,,,,,,"to attend Convocation, religious and clergy, archdeaconry of East Riding",,,,convent,Wartre,,priory,,,,,,,,,,,,,,,
109 v - 109 v,1459,,,,,,,,,"to attend Convocation, religious and clergy, archdeaconry of East Riding",,,,prior,Feriby,,priory,,,,,,,,,,,,,,,
109 v - 109 v,1459,,,,,,,,,"to attend Convocation, religious and clergy, archdeaconry of East Riding",,,,convent,Feriby,,priory,,,,,,,,,,,,,,,
109 v - 109 v,1459,,,,,,,,,"to attend Convocation, religious and clergy, archdeaconry of East Riding",,,,prior,Hautenpris,,priory,,,,,,,,,,,,,,,
109 v - 109 v,1459,,,,,,,,,"to attend Convocation, religious and clergy, archdeaconry of East Riding",,,,convent,Hautenpris,,priory,,,,,,,,,,,,,,,
109 v - 109 v,1459,,,,,,,,,"to attend Convocation, religious and clergy, archdeaconry of East Riding",,,,prior,Ellerton',,priory,,,,,,,,,,,,,,,
109 v - 109 v,1459,,,,,,,,,"to attend Convocation, religious and clergy, archdeaconry of East Riding",,,,convent,Ellerton',,priory,,,,,,,,,,,,,,,
109 v - 109 v,1459,,,,,,,,,"to attend Convocation, religious and clergy, archdeaconry of East Riding",,,,archdeacon's official,[East Riding],,[archdeaconry],,,,,,,,,,,,,,,
109 v - 109 v,1459,,,,,,,,,"to attend Convocation, religious and clergy, archdeaconry of East Riding",,,,proctors of clergy,[East Riding],,[archdeaconry],,,,,,,,,,,,,,,
109 v - 109 v,1459,,,,,,,,,"to attend Convocation, religious and clergy, archdeaconry of Cleveland",,,,abbot,Whitteby,,abbey,,,,,,,,,,,,,,,
109 v - 109 v,1459,,,,,,,,,"to attend Convocation, religious and clergy, archdeaconry of Cleveland",,,,convent,Whitteby,,abbey,,,,,,,,,,,,,,,
109 v - 109 v,1459,,,,,,,,,"to attend Convocation, religious and clergy, archdeaconry of Cleveland",,,,abbot,Bellaland,,abbey,,,,,,,,,,,,,,,
109 v - 109 v,1459,,,,,,,,,"to attend Convocation, religious and clergy, archdeaconry of Cleveland",,,,convent,Bellaland,,abbey,,,,,,,,,,,,,,,
109 v - 109 v,1459,,,,,,,,,"to attend Convocation, religious and clergy, archdeaconry of Cleveland",,,,abbot,Rievallibus,,abbey,,,,,,,,,,,,,,,
109 v - 109 v,1459,,,,,,,,,"to attend Convocation, religious and clergy, archdeaconry of Cleveland",,,,convent,Rievallibus,,abbey,,,,,,,,,,,,,,,
109 v - 109 v,1459,,,,,,,,,"to attend Convocation, religious and clergy, archdeaconry of Cleveland",,,,prior,Gisburn',,priory,,,,,,,,,,,,,,,
109 v - 109 v,1459,,,,,,,,,"to attend Convocation, religious and clergy, archdeaconry of Cleveland",,,,convent,Gisburn',,priory,,,,,,,,,,,,,,,
109 v - 109 v,1459,,,,,,,,,"to attend Convocation, religious and clergy, archdeaconry of Cleveland",,,,prior,Novo burgo,,priory,,,,,,,,,,,,,,,
109 v - 109 v,1459,,,,,,,,,"to attend Convocation, religious and clergy, archdeaconry of Cleveland",,,,convent,Novo burgo,,priory,,,,,,,,,,,,,,,
109 v - 109 v,1459,,,,,,,,,"to attend Convocation, religious and clergy, archdeaconry of Cleveland",,,,prior,Malton',,priory,,,,,,,,,,,,,,,
109 v - 109 v,1459,,,,,,,,,"to attend Convocation, religious and clergy, archdeaconry of Cleveland",,,,convent,Malton',,priory,,,,,,,,,,,,,,,
109 v - 109 v,1459,,,,,,,,,"to attend Convocation, religious and clergy, archdeaconry of Cleveland",,,,prior,Marton',,priory,,,,,,,,,,,,,,,
109 v - 109 v,1459,,,,,,,,,"to attend Convocation, religious and clergy, archdeaconry of Cleveland",,,,convent,Marton',,priory,,,,,,,,,,,,,,,
109 v - 109 v,1459,,,,,,,,,"to attend Convocation, religious and clergy, archdeaconry of Cleveland",,,,prior,Gromond',,priory,,,,,,,,,,,,,,,
109 v - 109 v,1459,,,,,,,,,"to attend Convocation, religious and clergy, archdeaconry of Cleveland",,,,convent,Gromond',,priory,,,,,,,,,,,,,,,
109 v - 109 v,1459,,,,,,,,,"to attend Convocation, religious and clergy, archdeaconry of Cleveland",,,,archdeacon's official,[Cleveland],,archdeaconry,,,,,,,,,,,,,,,
109 v - 109 v,1459,,,,,,,,,"to attend Convocation, religious and clergy, archdeaconry of Cleveland",,,,proctors of clergy,[Cleveland],,archdeaconry,,,,,,,,,,,,,,,
109 v - 109 v,1459,,,,,,,,,"to attend Convocation, religious and clergy, archdeaconry of Nottingham",,,,abbot,Welbek,,abbey,,,,,,,,,,,,,,,
109 v - 109 v,1459,,,,,,,,,"to attend Convocation, religious and clergy, archdeaconry of Nottingham",,,,convent,Welbek,,abbey,,,,,,,,,,,,,,,
109 v - 109 v,1459,,,,,,,,,"to attend Convocation, religious and clergy, archdeaconry of Nottingham",,,,abbot,Rughford,,abbey,,,,,,,,,,,,,,,
109 v - 109 v,1459,,,,,,,,,"to attend Convocation, religious and clergy, archdeaconry of Nottingham",,,,convent,Rughford,,abbey,,,,,,,,,,,,,,,
109 v - 109 v,1459,,,,,,,,,"to attend Convocation, religious and clergy, archdeaconry of Nottingham",,,,prior,Thurgarton',,priory,,,,,,,,,,,,,,,
109 v - 109 v,1459,,,,,,,,,"to attend Convocation, religious and clergy, archdeaconry of Nottingham",,,,convent,Thurgarton',,priory,,,,,,,,,,,,,,,
109 v - 109 v,1459,,,,,,,,,"to attend Convocation, religious and clergy, archdeaconry of Nottingham",,,,prior,Wyrksop',,priory,,,,,,,,,,,,,,,
109 v - 109 v,1459,,,,,,,,,"to attend Convocation, religious and clergy, archdeaconry of Nottingham",,,,convent,Wyrksop',,priory,,,,,,,,,,,,,,,
109 v - 109 v,1459,,,,,,,,,"to attend Convocation, religious and clergy, archdeaconry of Nottingham",,,,prior,Novo loco in Shirwod,,priory,,,,,,,,,,,,,,,
109 v - 109 v,1459,,,,,,,,,"to attend Convocation, religious and clergy, archdeaconry of Nottingham",,,,convent,Novo loco in Shirwod,,priory,,,,,,,,,,,,,,,
109 v - 109 v,1459,,,,,,,,,"to attend Convocation, religious and clergy, archdeaconry of Nottingham",,,,prior,Shelford,,priory,,,,,,,,,,,,,,,
109 v - 109 v,1459,,,,,,,,,"to attend Convocation, religious and clergy, archdeaconry of Nottingham",,,,convent,Shelford,,priory,,,,,,,,,,,,,,,
109 v - 109 v,1459,,,,,,,,,"to attend Convocation, religious and clergy, archdeaconry of Nottingham",,,,prior,Beawall',,priory,,,,,,,,,,,,,,,
109 v - 109 v,1459,,,,,,,,,"to attend Convocation, religious and clergy, archdeaconry of Nottingham",,,,convent,Beawall',,priory,,,,,,,,,,,,,,,
109 v - 109 v,1459,,,,,,,,,"to attend Convocation, religious and clergy, archdeaconry of Nottingham",,,,prior,Fellay,,priory,,,,,,,,,,,,,,,
109 v - 109 v,1459,,,,,,,,,"to attend Convocation, religious and clergy, archdeaconry of Nottingham",,,,convent,Fellay,,priory,,,,,,,,,,,,,,,
109 v - 109 v,1459,,,,,,,,,"to attend Convocation, religious and clergy, archdeaconry of Nottingham",,,,prior,Blida,,priory,,,,,,,,,,,,,,,
109 v - 109 v,1459,,,,,,,,,"to attend Convocation, religious and clergy, archdeaconry of Nottingham",,,,convent,Blida,,priory,,,,,,,,,,,,,,,
109 v - 109 v,1459,,,,,,,,,"to attend Convocation, religious and clergy, archdeaconry of Nottingham",,,,prior,Mathersay,,priory,,,,,,,,,,,,,,,
109 v - 109 v,1459,,,,,,,,,"to attend Convocation, religious and clergy, archdeaconry of Nottingham",,,,convent,Mathersay,,priory,,,,,,,,,,,,,,,
109 v - 109 v,1459,,,,,,,,,"to attend Convocation, religious and clergy, archdeaconry of Nottingham",,,,prior,Lenton',,priory,,,,,,,,,,,,,,,
109 v - 109 v,1459,,,,,,,,,"to attend Convocation, religious and clergy, archdeaconry of Nottingham",,,,convent,Lenton',,priory,,,,,,,,,,,,,,,
109 v - 109 v,1459,,,,,,,,,"to attend Convocation, religious and clergy, archdeaconry of Nottingham",,,,archdeacon's official,[Nottingham],,[archdeaconry],,,,,,,,,,,,,,,
109 v - 109 v,1459,,,,,,,,,"to attend Convocation, religious and clergy, archdeaconry of Nottingham",,,,proctors of clergy,[Nottingham],,[archdeaconry],,,,,,,,,,,,,,,
109 v - 109 v,1459,,,,,,,,,"to attend Convocation, religious and clergy, archdeaconry of Richmond",,,,abbot,Fourneys,,abbey,,,,,,,,,,,,,,,
109 v - 109 v,1459,,,,,,,,,"to attend Convocation, religious and clergy, archdeaconry of Richmond",,,,convent,Fourneys,,abbey,,,,,,,,,,,,,,,
109 v - 109 v,1459,,,,,,,,,"to attend Convocation, religious and clergy, archdeaconry of Richmond",,,,abbot,Fontibus,,abbey,,,,,,,,,,,,,,,
109 v - 109 v,1459,,,,,,,,,"to attend Convocation, religious and clergy, archdeaconry of Richmond",,,,convent,Fontibus,,abbey,,,,,,,,,,,,,,,
109 v - 109 v,1459,,,,,,,,,"to attend Convocation, religious and clergy, archdeaconry of Richmond",,,,abbot,Jerovall',,abbey,,,,,,,,,,,,,,,
109 v - 109 v,1459,,,,,,,,,"to attend Convocation, religious and clergy, archdeaconry of Richmond",,,,convent,Jerovall',,abbey,,,,,,,,,,,,,,,
109 v - 109 v,1459,,,,,,,,,"to attend Convocation, religious and clergy, archdeaconry of Richmond",,,,abbot,sancte Agathe Richem',,abbey,,,,,,,,,,,,,,,
109 v - 109 v,1459,,,,,,,,,"to attend Convocation, religious and clergy, archdeaconry of Richmond",,,,convent,sancte Agathe Richem',,abbey,,,,,,,,,,,,,,,
109 v - 109 v,1459,,,,,,,,,"to attend Convocation, religious and clergy, archdeaconry of Richmond",,,,abbot,Coverham,,abbey,,,,,,,,,,,,,,,
109 v - 109 v,1459,,,,,,,,,"to attend Convocation, religious and clergy, archdeaconry of Richmond",,,,convent,Coverham,,abbey,,,,,,,,,,,,,,,
109 v - 109 v,1459,,,,,,,,,"to attend Convocation, religious and clergy, archdeaconry of Richmond",,,,abbot,Egleston',,abbey,,,,,,,,,,,,,,,
109 v - 109 v,1459,,,,,,,,,"to attend Convocation, religious and clergy, archdeaconry of Richmond",,,,convent,Egleston',,abbey,,,,,,,,,,,,,,,
109 v - 109 v,1459,,,,,,,,,"to attend Convocation, religious and clergy, archdeaconry of Richmond",,,,abbot,Caldre,,abbey,,,,,,,,,,,,,,,
109 v - 109 v,1459,,,,,,,,,"to attend Convocation, religious and clergy, archdeaconry of Richmond",,,,convent,Caldre,,abbey,,,,,,,,,,,,,,,
109 v - 109 v,1459,,,,,,,,,"to attend Convocation, religious and clergy, archdeaconry of Richmond",,,,abbot,Kokirsand,,abbey,,,,,,,,,,,,,,,
109 v - 109 v,1459,,,,,,,,,"to attend Convocation, religious and clergy, archdeaconry of Richmond",,,,convent,Kokirsand,,abbey,,,,,,,,,,,,,,,
109 v - 109 v,1459,,,,,,,,,"to attend Convocation, religious and clergy, archdeaconry of Richmond",,,,minister,sancti Roberti,,house,,,,,,,,,,,,,,,
109 v - 109 v,1459,,,,,,,,,"to attend Convocation, religious and clergy, archdeaconry of Richmond",,,,prior,Cartmell',,priory,,,,,,,,,,,,,,,
109 v - 109 v,1459,,,,,,,,,"to attend Convocation, religious and clergy, archdeaconry of Richmond",,,,convent,Cartmell',,priory,,,,,,,,,,,,,,,
109 v - 109 v,1459,,,,,,,,,"to attend Convocation, religious and clergy, archdeaconry of Richmond",,,,prior,Conyngesheved,,priory,,,,,,,,,,,,,,,
109 v - 109 v,1459,,,,,,,,,"to attend Convocation, religious and clergy, archdeaconry of Richmond",,,,convent,Conyngesheved,,priory,,,,,,,,,,,,,,,
109 v - 109 v,1459,,,,,,,,,"to attend Convocation, religious and clergy, archdeaconry of Richmond",,,,prior,Lancastr',,priory,,,,,,,,,,,,,,,
109 v - 109 v,1459,,,,,,,,,"to attend Convocation, religious and clergy, archdeaconry of Richmond",,,,convent,Lancastr',,priory,,,,,,,,,,,,,,,
109 v - 109 v,1459,,,,,,,,,"to attend Convocation, religious and clergy, archdeaconry of Richmond",,,,archdeacon's official,[Richmond],,[archdeaconry],,,,,,,,,,,,,,,
109 v - 109 v,1459,,,,,,,,,"to attend Convocation, religious and clergy, archdeaconry of Richmond",,,,proctors of clergy,[Richmond],,[archdeaconry],,,,,,,,,,,,,,,
109 v - 109 v,1459,,,,,,,,,"to attend Convocation, provostry of Beverley and other jurisdictions",,,,official,[Beverley],,provostry,,,,,,,,,,,,,,,
109 v - 109 v,1459,,,,,,,,,"to attend Convocation, provostry of Beverley and other jurisdictions",,,,proctors of clergy,[Beverley],,provostry,,,,,,,,,,,,,,,
109 v - 109 v,1459,,,,,,,,,"to attend Convocation, provostry of Beverley and other jurisdictions",,,,keeper of spiritualities,Houden & Houdenshire,,jurisdiction,,,,,,,,,,,,,,,
109 v - 109 v,1459,,,,,,,,,"to attend Convocation, provostry of Beverley and other jurisdictions",,,,proctors of clergy,Houden & Houdenshire,,jurisdiction,,,,,,,,,,,,,,,
109 v - 109 v,1459,,,,,,,,,"to attend Convocation, provostry of Beverley and other jurisdictions",,,,keeper of spiritualities,Allerton & Allertonshire,,jurisdiction,,,,,,,,,,,,,,,
109 v - 109 v,1459,,,,,,,,,"to attend Convocation, provostry of Beverley and other jurisdictions",,,,proctors of clergy,Allerton & Allertonshire,,jurisdiction,,,,,,,,,,,,,,,
109 v - 109 v,1459,,,,,,,,,"to attend Convocation, provostry of Beverley and other jurisdictions",,,,canons,Osmunderlay,,college,,,,,,,,,,,,,,,
109 v - 109 v,1459,,,,,,,,,"to attend Convocation, provostry of Beverley and other jurisdictions",,,,keeper of spiritualities,Selby & Snayth,,jurisdiction,,,,,,,,,,,,,,,
109 v - 109 v,1459,,,,,,,,,"to attend Convocation, provostry of Beverley and other jurisdictions",,,,proctors of clergy,Selby & Snayth,,jurisdiction,,,,,,,,,,,,,,,
109 v - 109 v,1459,,,,,,,,,to attend Convocation [Durham diocese],,,,prior,Dunelm',,cathedral church,,,,,,,,,,,,,,,
109 v - 109 v,1459,,,,,,,,,to attend Convocation [Durham diocese],,,,convent,Dunelm',,cathedral church,,,,,,,,,,,,,,,
109 v - 109 v,1459,,,,,,,,,to attend Convocation [Durham diocese],,,,chapter,Dunelm',,cathedral church,,,,,,,,,,,,,,,
109 v - 109 v,1459,,,,,,,,,to attend Convocation [Durham diocese],,,,abbot,Alnwyk,,abbey,,,,,,,,,,,,,,,
109 v - 109 v,1459,,,,,,,,,to attend Convocation [Durham diocese],,,,convent,Alnwyk,,abbey,,,,,,,,,,,,,,,
109 v - 109 v,1459,,,,,,,,,to attend Convocation [Durham diocese],,,,abbot,novo mon',,abbey,,,,,,,,,,,,,,,
109 v - 109 v,1459,,,,,,,,,to attend Convocation [Durham diocese],,,,convent,novo mon',,abbey,,,,,,,,,,,,,,,
109 v - 109 v,1459,,,,,,,,,to attend Convocation [Durham diocese],,,,abbot,Albalanda,,abbey,,,,,,,,,,,,,,,
109 v - 109 v,1459,,,,,,,,,to attend Convocation [Durham diocese],,,,convent,Albalanda,,abbey,,,,,,,,,,,,,,,
109 v - 109 v,1459,,,,,,,,,to attend Convocation [Durham diocese],,,,prior,Brenkburn',,priory,,,,,,,,,,,,,,,
109 v - 109 v,1459,,,,,,,,,to attend Convocation [Durham diocese],,,,convent,Brenkburn',,priory,,,,,,,,,,,,,,,
109 v - 109 v,1459,,,,,,,,,to attend Convocation [Durham diocese],,,,archdeacon,Dunelm',,[archdeaconry],,,,,,,,,,,,,,,
109 v - 109 v,1459,,,,,,,,,to attend Convocation [Durham diocese],,,,dean,Aukland,,deanery,,,,,,,,,,,,,,,
109 v - 109 v,1459,,,,,,,,,to attend Convocation [Durham diocese],,,,dean,Cestr',,deanery,,,,,,,,,,,,,,,
109 v - 109 v,1459,,,,,,,,,to attend Convocation [Durham diocese],,,,dean,Lanchester,,deanery,,,,,,,,,,,,,,,
109 v - 109 v,1459,,,,,,,,,to attend Convocation [Durham diocese],,,,archdeacon's official,[Dunelm'],,[archdeaconry],,,,,,,,,,,,,,,
109 v - 109 v,1459,,,,,,,,,to attend Convocation [Durham diocese],,,,proctors of clergy,[Dunelm'],,[archdeaconry],,,,,,,,,,,,,,,
109 v - 109 v,1459,,,,,,,,,to attend Convocation [Durham diocese],,,,archdeacon,Northumbr',,[archdeaconry],,,,,,,,,,,,,,,
109 v - 109 v,1459,,,,,,,,,to attend Convocation [Durham diocese],,,,archdeacon's official,[Northumbr'],,[archdeaconry],,,,,,,,,,,,,,,
109 v - 109 v,1459,,,,,,,,,to attend Convocation [Durham diocese],,,,proctors of clergy,[Northumbr'],,[archdeaconry],,,,,,,,,,,,,,,
109 v - 109 v,1459,,,,,,,,,to attend Convocation [Carlisle diocese],,,,prior,Kerelen'?,,cathedral church,,,,,,,,,,,,,,,
109 v - 109 v,1459,,,,,,,,,to attend Convocation [Carlisle diocese],,,,chapter,Kerelen'?,,cathedral church,,,,,,,,,,,,,,,
109 v - 109 v,1459,,,,,,,,,to attend Convocation [Carlisle diocese],,,,archdeacon,Kerelen'?,,archdeaconry,,,,,,,,,,,,,,,
109 v - 109 v,1459,,,,,,,,,to attend Convocation [Carlisle diocese],,,,abbot,Holmcoltram,,abbey,,,,,,,,,,,,,,,
109 v - 109 v,1459,,,,,,,,,to attend Convocation [Carlisle diocese],,,,convent,Holmcoltram,,abbey,,,,,,,,,,,,,,,
109 v - 109 v,1459,,,,,,,,,to attend Convocation [Carlisle diocese],,,,abbot,Hepp',,abbey,,,,,,,,,,,,,,,
109 v - 109 v,1459,,,,,,,,,to attend Convocation [Carlisle diocese],,,,convent,Hepp',,abbey,,,,,,,,,,,,,,,
109 v - 109 v,1459,,,,,,,,,to attend Convocation [Carlisle diocese],,,,prior,Lanercost,,priory,,,,,,,,,,,,,,,
109 v - 109 v,1459,,,,,,,,,to attend Convocation [Carlisle diocese],,,,convent,Lanercost,,priory,,,,,,,,,,,,,,,
109 v - 109 v,1459,,,,,,,,,to attend Convocation [Carlisle diocese],,,,prior,Wetherhall',,priory,,,,,,,,,,,,,,,
109 v - 109 v,1459,,,,,,,,,to attend Convocation [Carlisle diocese],,,,convent,Wetherhall',,priory,,,,,,,,,,,,,,,
109 v - 109 v,1459,,,,,,,,,to attend Convocation [Carlisle diocese],,,,archdeacon,Karleonlen',,[archdeaconry],,,,,,,,,,,,,,,
109 v - 109 v,1459,,,,,,,,,to attend Convocation [Carlisle diocese],,,,archdeacon's official,Karleonlen',,[archdeaconry],,,,,,,,,,,,,,,
109 v - 109 v,1459,,,,,,,,,to attend Convocation [Carlisle diocese],,,,proctors of clergy,Karleonlen',,[archdeaconry],,,,,,,,,,,,,,,
110 r - 110 r,1460,,,Richard II,,,,,,sender,,,,king,,,,,,,,,,,,,,,,,,
110 r - 110 r,1460,,,Alexander,,,,,,addressee,,,,archbishop,,,,,,,,,,,,,,,,,,
110 r - 110 r,1460,,,John,de,Sayvill,,,,new sheriff,,,,sheriff,in com' Ebor',,county,,,,,,,,,,,,,,,
110 r - 110 r,1461,,,[Richard II],,,,,,king,,,,,,,,,,,,,,,,,,,,,,
110 r - 110 r,1462,,,Alexander,,,,,,sender,,,,archbishop,,,,,,,,,,,,,,,,,,
110 r - 110 r,1462,,Sir,John,,Sayvill,,,,new sheriff,,,knight,sheriff,Ebor',,county,,,,,,,,,,,,,,,
110 r - 110 r,1463,,,Alexander,,,,,,sender,,,,archbishop,,,,,,,,,,,,,,,,,,
110 r - 110 r,1463,,Sir,Richard,,Hogg,,,,addressee,,,,chaplain,Karln',,diocese,,,,,,,,,,,,,,,
110 r - 110 r,1463,,Sir,William,,Haugton',,,,addressee,,,,chaplain,Karln',,diocese,,,,,,,,,,,,,,,
110 r - 110 r,1463,,Sir,John,,Couper,,,,addressee,,,,chaplain,Karln',,diocese,former patron,,,,,,,,,,,,,,
110 r - 110 r,1463,,,John,[de],Coplay,,,,party to dispute,,,,lord,"Denton', Karln'",,diocese,,Denton',church,,,,,,,,,,,,
110 r - 110 r,1463,,,Alexander,de,Burgh,,,,party to dispute,,,chaplain,,,,,,,,,,,,,,,,,,,
110 r - 110 r,1463,,Sir,Stephen,de,Coning',,,,former rector,,,,,,,,,,,,,,,,,,,,,,
110 r - 110 r,1464,,,Gilbert,,,,the second,,sender,,,,master,Semperyngham,,order,,,,,,,,,,,,,,,
110 r - 110 r,1464,,,John,,,,,,sender,,,,prior,Ellerton,,convent,,,,,,,,,,,,,,,
110 r - 110 r,1464,,,William,son of,Peter,,,,party,,,,founder,Ellerton,,church,,,,,,,,,,,,,,,
110 r - 110 r,1464,,,,,,,,,party,,,,archbishop,Ebor',,diocese,,,,,,,,,,,,,,,
110 r - 110 r,1465,,,Alexander,,,,,,sender,,,,archbishop,,,,new provost,,,,,,,,,,,,,,
110 r - 110 r,1465,,,William,,Sparowe,,,,addressee,,,clerk,clerk,Watton',,York diocese,,Kirkeby Orblowers,York diocese,,,,,,,,,,,,
110 r - 110 r,1465,,Lord,Henry,,Percy,,,,patron,,,,earl,Northumbr',,,,,,,,,,,,,,,,,
110 r - 110 r,1465,,,Thomas,,Sparowe,,,,former provost,,,,provost,Watton',,York diocese,,,,,,,,,,,,,,,
110 r - 110 r,1466,,,Alexander,,,,,,sender,,,,archbishop,,,,official,,,,,,,,,,,,,,
110 r - 110 r,1466,,,,,,,,,addressee,,,,archdeacon,Ebor',,,,,,,,,,,,,,,,,
110 r - 110 r,1466,,,William,,Sparowe,,,,new provost,,,clerk,provost,Kirkeby Orblowers,,York diocese,,,,,,,,,,,,,,,
110 v - 110 v,1467,,Sir,Simon,,Ward,,,,testator,,,knight,,,,,,,,,,,,,,,,,,,
110 v - 110 v,1467,,,,,,,,,beneficiaries,,,,"friars, mendicant, four orders of",,,,,,,,,,,,,,,,,,
110 v - 110 v,1467,,,Matilda/Maud,,,,testator's daughter,,legatee,,,,,,,,,,,,,,,,,,,,,,
110 v - 110 v,1467,,,Margaret,,,,testator's daughter,,legatee,,,,,,,,,,,,,,,,,,,,,,
110 v - 110 v,1467,,,Joan,,,,testator's daughter,,legatee,,,,,,,,,,,,,,,,,,,,,,
110 v - 110 v,1467,,,Joan,,,,testator's wife,,residiary beneficiary,,,,executrix,,,,,,,,,,,,,,,,,,
110 v - 110 v,1467,,Sir,Nicholas,de,Esshehald,,,,executor,,,chaplain,,,,,,,,,,,,,,,,,,,
110 v - 110 v,1467,,Sir,John,de,Giselay,,,,witness,,,chaplain,,,,,,,,,,,,,,,,,,,
110 v - 110 v,1467,,,William,,Skayf,,,,witness,,,,,,,,,,,,,,,,,,,,,,
110 v - 110 v,1467,,,Thomas,de,Braynhous,,,,witness,,,,,,,,,,,,,,,,,,,,,,
110 v - 110 v,1467,,,Adam,del,Forest,,,,witness,,,,,,,,,,,,,,,,,,,,,,
110 v - 110 v,1467,,,John,,Cowe,,,,witness,,,,,,,,specially deputed by Papal see for the purpose,,,,,,,,,,,,,,
110 v - 110 v,1468,,,John,de,Waltham,,,,sender,,,,"official, court",Ebor',,diocese,,,,,,,,,,,,,,,
110 v - 110 v,1468,,,John,de,Herle,,,,addressee,,,,clerk,Dunelm',,diocese,,,,,,,,,,,,,,,
110 v - 110 v,1468,,,Urban VI,,,,,,sender,,,,pope,,,,,,,,,,,,,,,,,,
110 v - 110 v,1468,,,,,,,,,addressee,,,,official,Ebor',,diocese,,,,,,,,,,,,,,,
110 v - 110 v,1468,,[Master],Robert,de,Scampston',,,,new notary public,,,clerk,subscriber,,,,,,,,,,,,,,,,,,
110 v - 110 v,1468,,,William,,Depeden',,,,new notary public,,,clerk,,,,,,,,,,,,,,,,,,,
110 v - 110 v,1468,,,John,de,Herle,,,,new notary public,,,clerk,,,,,,,,,,,,,,,,,,,
110 v - 110 v,1468,,Master,John,de,Munkegate,,,,notary public,,,,subscriber,,,,notary public,,,,,,,,,,,,,,
110 v - 110 v,1468,,Master,Thomas,de,Kyrkby,,,,witness,,,,clerk,Karliolen',,diocese,,,,,,,,,,,,,,,
110 v - 110 v,1468,,,John,,Buwell,,,,apparitor,,,,apparitor,Karliolen' cur',,diocese,,,,,,,,,,,,,,,
110 v - 110 v,1468,,,William,de,Depeden',,,,witness,,,clerk,,,,,,,,,,,,,,,,,,,
110 v - 110 v,1468,,,Alexander,de,Herle,,,,witness,,,clerk,,,,,,,,,,,,,,,,,,,
111 r - 111 r,1469,,,Robert,de,Scampston',,,,notary public,,,clerk,subscriber,,,,,,,,,,,,,,,,,,
111 r - 111 r,1469,,,John,,Herle,,,,new notary public,,,clerk,,,,,,,,,,,,,,,,,,,
111 r - 111 r,1469,,Master,John,de,Waltham,,,,official,,,,,,,,property holder,,,,,,,,,,,,,,
111 r - 111 r,1470,,,Hugh,de,Anneslay,,,,vassal,,,,property holder,Kirtelyngton',,com' Not',,Birn',comitatu Ebor',,,,,,,,,,,,
111 r - 111 r,1470,,,Alexander,,,,,,lord,,,,archbishop,,,,,,,,,,,,,,,,,,
111 r - 111 r,1470,,,John,de,Bella Aqua,,,,former property holder,,,,,,,,property holder,,,,,,,,,,,,,,
111 r - 111 r,1471,,Sir,William,,Hanley,,,,vassal,,,knight,property holder,Burgh,,vill,,Groseby,vill,,,,,,,,,,,,
111 r - 111 r,1471,,,Alexander,,,,,,lord,,,,archbishop,,,,lord of manor,,,,,,,,,,,,,,
111 r - 111 r,1472,,,John,de,Tonby,,,,vassal,,,,knight,de com' Lincoln',,,,Lastyngton',manor,lord of manor,Riggesby,manor,,,,,,,,,
111 r - 111 r,1472,,,Alexander,,,,,,lord,,,,archbishop,,,,,,,,,,,,,,,,,,
111 r - 111 r,1473,,,Stephen,de,Thorp',,,,vassal,,,,property holder,Thorp' Wellewyk',,vill,,,,,,,,,,,,,,,
111 r - 111 r,1473,,,Alexander,,,,,,lord,,,,archbishop,,,,prebendary,,,,,,,,,,,,,,
111 r - 111 r,1474,,Master,Matthew,de,Ashton',,,,canon,,,,canon,Ebor',,church,,Ebor',church,,,,,,,,,,,,
111 r - 111 r,1474,,Master,John,,Clifford,,,,witness,,,,treasurer,Ebor',,church,,,,,,,,,,,,,,,
111 r - 111 r,1474,,Sir,Henry,de,Barton',,,,witness,,,,,,,,,,,,,,,,,,,,,,
111 r - 111 r,1474,,Sir,John,,Mermeon',,,,witness,,,knight,,,,,,,,,,,,,,,,,,,
111 r - 111 r,1474,,,William,,Pare,,,,witness,,,esquire,,,,,,,,,,,,,,,,,,,
111 r - 111 r,1474,,,William,de,Pare,,,,witness,,,,notary public,London',,dioc',,,,,,,,,,,,,,,
111 r - 111 r,1474,,,Richard,de,Wytham,,,,witness,,,,notary public,Lich',,dioc',,,,,,,,,,,,,,,
111 v - 111 v,1475,,,Alexander,,,bachelor in laws,,,sender,,,,archbishop,,,,,,,,,,,,,,,,,,
111 v - 111 v,1475,,Master,Robert,de,Dalton,,,,addressee,,,,new warden,beate marie magdalane Ripon',,hospital,,,,,,,,,,,,,,,
111 v - 111 v,1475,,Master,Roger,de,Pikeryng',,,,former warden,,,,warden,beate marie magdalane Ripon',,hospital,,,,,,,,,,,,,,,
111 v - 111 v,1476,,,Alexander,,,,,,sender,,,,archbishop,,,,,,,,,,,,,,,,,,
111 v - 111 v,1476,,Sir,John,de,Seggefeld,,,,addressee,,,clerk and of archbishop's household,,,,,,,,,,,,,,,,,,,
111 v - 111 v,1476,,Master,Robert,de,Scampston',,,,proctor of former warden,,,,,,,,,,,,,,,,,,,,,,
111 v - 111 v,1476,,Master,Roger,de,Pykeryng',,,,former warden,,,,warden,beate marie magdalene Ripon',,hospital,,,,,,,,,,,,,,,
111 v - 111 v,1476,,Master,Robert,de,Dalton,,,,new warden,,,archbishop's clerk,warden,beate marie magdalene Ripon',,hospital,,,,,,,,,,,,,,,
112 r - 112 r,1477,,,William,,Graa,,,,payee,,,,citizen,Ebor',,city,,,,,,,,,,,,,,,
112 r - 112 r,1478,,Master,John,de,Clifford,,,,payee,,,,,,,,,,,,,,,,,,,,,,
112 r - 112 r,1479,,,Alexander,,,,,,sender,,,,archbishop,,,,,,,,,,,,,,,,,,
112 r - 112 r,1479,,Sir,John,de,Newyle,,,,payee,,,,,,,,,,,,,,,,,,,,,,
112 r - 112 r,1479,,Master,John,de,Baltham,,,,executor,,,,,,,,,,,,,,,,,,,,,,
112 r - 112 r,1479,,Master,John,de,Thuresby,,,,executor,,,,,,,,,,,,,,,,,,,,,,
112 r - 112 r,1479,,Sir,Henry,de,Barton',,,,executor,,,,,,,,,,,,,,,,,,,,,,
112 r - 112 r,1479,,,John,,[Thoresby],,,,testator,,,,former archbishop,dewerweyk,,diocese,,,,,,,,,,,,,,,
112 r - 112 r,1480,,,Alexander,,,,,,sender,,,,archbishop,,,,,,,,,,,,,,,,,,
112 r - 112 r,1480,,Sir,William,de,Mirfeld,,,,administrator,,,knight,,,,,,,,,,,,,,,,,,,
112 r - 112 r,1480,,,Hugh,de,Wombewell,,,,administrator,,,,,,,,,,,,,,,,,,,,,,
112 r - 112 r,1480,,,John,,Amyas,,junior,,administrator,,,,,,,,,,,,,,,,,,,,,,
112 r - 112 r,1480,,,William,de,Fincheden,,,,intestate,,,knight,,,,,,,,,,,,,,,,,,,
112 r - 112 r,1481,,,[Alexander],,,,,,[sender],,,,[archbishop],,,,,,,,,,,,,,,,,,
112 r - 112 r,1481,,,,,,,,,addressee,,,,receiver,Ebor',,,,,,,,,,,,,,,,,
112 r - 112 r,1481,,,,,,,,,taxpayer,,,,prior,Beauvale,,priory,,,,,,,,,,,,,,,
112 r - 112 r,1481,,,,,,,,,taxpayers,,,,convent,Beauvale,,priory,,,,,,,,,,,,,,,
112 r - 112 r,1482,,,[Alexander],,,,,,[sender],,,,[archbishop],,,,,,,,,,,,,,,,,,
112 r - 112 r,1482,,,,,,,,,payee,,,,receiver,Ebor',,,,,,,,,,,,,,,,,
112 r - 112 r,1482,,,Agnes,de,Dolakby,,,,recipient,,,,pauper,,,,,,,,,,,,,,,,,,
112 r - 112 r,1483,,,[Alexander],,,,,,[sender],,,,[archbishop],,,,,,,,,,,,,,,,,,
112 r - 112 r,1483,,,Robert,,Menyll,,,,recipient,,,,,,,,,,,,,,,,,,,,,,
112 r - 112 r,1483,,,John,,Wakefield,,,,recipient,,,,,,,,,,,,,,,,,,,,,,
112 r - 112 r,1483,,,Thomas,,Fabr',,,,recipient,,,,,,,,,,,,,,,,,,,,,,
112 r - 112 r,1483,,,John,,Carlill,,,,recipient,,,,,,,,,,,,,,,,,,,,,,
112 r - 112 r,1483,,,William,,Chest',,,,recipient,,,,,,,,,,,,,,,,,,,,,,
112 r - 112 r,1484,,,Alexander,,,,,,sender,,,,archbishop,,,,,,,,,,,,,,,,,,
112 r - 112 r,1484,,,,,,bachelor in laws,,,payee,,,,bishop,Karlien',,diocese,,,,,,,,,,,,,,,
112 r - 112 r,1484,,Master,Robert,de,Bys,,,,acting for payee,,,,,,,,,,,,,,,,,,,,,,
112 r - 112 r,1484,,,Bernard,,,,,,papal nuncio,,,,,Sinogalli episcopo,,,,,,,,,,,,,,,,,
112 r - 112 r,1484,,,Radulphus,,,,,,papal nuncio,,,,,Sinogalli episcopo,,,,,,,,,,,,,,,,,
112 r - 112 r,1484,,,Giles,,,,,,papal nuncio,,,,,,,,,,,,,,,,,,,,,,
112 r - 112 r,1485,,,Alexander,,,,,,payee,,,,archbishop,,,,,,,,,,,,,,,,,,
112 r - 112 r,1485,,,John,,Ikling',,,,recipient,,,,scholar,Ebor',,grammar school,,,,,,,,,,,,,,,
112 r - 112 r,1485,,,John,,Ogle,,,,recipient,,,,scholar,Ebor',,grammar school,,,,,,,,,,,,,,,
112 r - 112 r,1486,,,[Alexander],,,,,,[sender],,,,[archbishop],,,,,,,,,,,,,,,,,,
112 r - 112 r,1486,,,,,,,,,payee,,,,abbot,Coverham,,abbey,,,,,,,,,,,,,,,
112 r - 112 r,1486,,,Thomas,de,Wakerfeld,,,,pensioner,,,,priest,Aybisgargh,,church,,,,,,,,,,,,,,,
112 r - 112 r,1487,,,[Alexander],,,,,,[sender],,,,[archbishop],,,,,,,,,,,,,,,,,,
112 r - 112 r,1487,,,Robert,,Darte,,,,recipient,,,,gaoler,Ebor',,archbishop's gaol,,,,,,,,,,,,,,,
112 r - 112 r,1488,,,[Alexander],,,,,,[payee],,,,[archbishop],,,,,,,,,,,,,,,,,,
112 r - 112 r,1488,,,,,,,,,recipients,,,,sisters,Kynwaldgrave,,house,,,,,,,,,,,,,,,
112 v - 112 v,1489,,,Alexander,,,,,,sender,,,,archbishop,,,,,,,,,,,,,,,,,,
112 v - 112 v,1489,,,Thomas,,,,,,addressee,,,,bishop,Dunelmen',,diocese,,,,,,,,,,,,,,,
112 v - 112 v,1489,,,Edward III,,,,,,sender,,,,king,,,,,,,,,,,,,,,,,,
112 v - 112 v,1489,,,Alexander,,,,,,addressee,,,,archbishop,,,,,,,,,,,,,,,,,,
112 v - 112 v,1490,,,Alexander,,,,,,sender,,,,archbishop,,,,,,,,,,,,,,,,,,
112 v - 112 v,1490,,,,,,,,,addressee,,,,bishop,Karln',,diocese,,,,,,,,,,,,,,,
112 v - 112 v,1490,,,Edward III,,,,,,sender,,,,king,,,,,,,,,,,,,,,,,,
112 v - 112 v,1490,,,Alexander,,,,,,addressee,,,,archbishop,,,,,,,,,,,,,,,,,,
112 v - 112 v,1491,,,Alexander,,,,,,sender,,,,archbishop,,,,,,,,,,,,,,,,,,
112 v - 112 v,1491,,,,,,,,,addressee,,,,dean,Ebor',,cathedral church,,,,,,,,,,,,,,,
112 v - 112 v,1491,,,,,,,,,addressees,,,,chapter,Ebor',,cathedral church,,,,,,,,,,,,,,,
112 v - 112 v,1491,,,Edward III,,,,,,sender,,,,king,,,,,,,,,,,,,,,,,,
112 v - 112 v,1491,,,Alexander,,,,,,addressee,,,,archbishop,,,,,,,,,,,,,,,,,,
112 v - 112 v,1492,,,Alexander,,,,,,sender,,,,archbishop,,,,,,,,,,,,,,,,,,
112 v - 112 v,1492,,,,,,,,,addressee,,,,"official, archbishop's court",Ebor',,diocese,,,,,,,,,,,,,,,
112 v - 112 v,1492,,,Edward III,,,,,,sender,,,,king,,,,,,,,,,,,,,,,,,
112 v - 112 v,1492,,,Alexander,,,,,,addressee,,,,archbishop,,,,,,,,,,,,,,,,,,
112 v - 112 v,1493,,,,,,,,,sender,,,,prior,sancti Oswaldi Gloucestr',,priory,,,,,,,,,,,,,,,
112 v - 112 v,1493,,,,,,,,,senders,,,,convent,sancti Oswaldi Gloucestr',,priory,,,,,,,,,,,,,,,
112 v - 112 v,1493,,,Alexander,,,,,,addressee,,,,archbishop,,,,,,,,,,,,,,,,,,
113 r - 113 r,1494,,,[Alexander],,,,,,[payee],,,,[archbishop],,,,,,,,,,,,,,,,,,
113 r - 113 r,1494,,,,,,,,,recipient,,,,prioress,sancti clementis prope Ebor',,house,,,,,,,,,,,,,,,
113 r - 113 r,1494,,,,,,,,,recipients,,,,convent,sancti clementis prope Ebor',,house,,,,,,,,,,,,,,,
113 r - 113 r,1495,,,[Alexander],,,,,,[payee],,,,[archbishop],,,,,,,,,,,,,,,,,,
113 r - 113 r,1495,,,William,de,Walworth,,,,recipient,,,,poor scholar,Ebor',,grammar school,,,,,,,,,,,,,,,
113 r - 113 r,1496,,,[Alexander],,,,,,[payee],,,,[archbishop],,,,,,,,,,,,,,,,,,
113 r - 113 r,1496,,,Robert,,Dart,,,,recipient,,,,gaoler,Ebor',,archbishop's gaol,,,,,,,,,,,,,,,
113 r - 113 r,1497,,,Alexander,,,,,,sender,,,,archbishop,,,,,,,,,,,,,,,,,,
113 r - 113 r,1497,,,Thomas,,,,,,addressee,,,,bishop,Dunelm',,diocese,,,,,,,,,,,,,,,
113 r - 113 r,1497,,,Richard II,,,,,,sender,,,,king,,,,,,,,,,,,,,,,,,
113 r - 113 r,1497,,,Alexander,,,,,,addressee,,,,archbishop,,,,,,,,,,,,,,,,,,
113 r - 113 r,1498,,,Alexander,,,,,,sender,,,,archbishop,,,,,,,,,,,,,,,,,,
113 r - 113 r,1498,,,Thomas,,,,,,addressee,,,,bishop,Karleolen',,diocese,,,,,,,,,,,,,,,
113 r - 113 r,1498,,,Richard II,,,,,,sender,,,,king,,,,,,,,,,,,,,,,,,
113 r - 113 r,1498,,,Alexander,,,,,,addressee,,,,archbishop,,,,,,,,,,,,,,,,,,
113 r - 113 v,1499,,,William,de,Skipwyth,,,,presiding,,,,justice of assize,com Ebor',,Yorkshire,,,,,,,,,,,,,,,
113 r - 113 v,1499,,,William,de,Wychyngham,,,,presiding,,,,justice of assize,com Ebor',,Yorkshire,,,,,,,,,,,,,,,
113 r - 113 v,1499,,,Simon,,Warde,,,,,,,chivaler,,,,,,,,,,,,,,,,,,,
113 r - 113 v,1499,,,William,de,Eltoft,,,,,,,,,,,,,,,,,,,,,,,,,,
113 r - 113 v,1499,,,Adam,del,Forest,,,,,,,,,,,,,,,,,,,,,,,,,,
113 r - 113 v,1499,,,Thomas,,Spenser,,,,,,,,,,,,,,,,,,,,,,,,,,
113 r - 113 v,1499,,,John,,,,,,lord,,,,archbishop,Ebor',,diocese,,,,,,,,,,,,,,,
113 r - 113 v,1499,,,John,de,Eltoft,,,,,,,,,,,,,,,,,,,,,,,,,,
113 r - 113 v,1499,,,John,de,Sadyngton',,,,archbishop's attorney,,,,,,,,,,,,,,,,,,,,,,
113 v - 113 v,1500,,,Alexander,,,,,,sender,,,,archbishop,,,,new official,,,,,,,,,,,,,,
113 v - 113 v,1500,,Master,William,de,Farnham,,,,addressee,,,,rector,Walkynton',,church,,Dunelm',diocese,,,,,,,,,,,,
113 v - 113 v,1500,,,Thomas,,,,,,former bishop,,,,bishop,Dunelm',,diocese,,,,,,,,,,,,,,,
113 v - 113 v,1501,,,Alexander,,,bachelor in theology,,,sender,,,,archbishop,,,,new vicar-general,,,,,,,,,,,,,,
113 v - 113 v,1501,,Master,William,de,Denby,,,,addressee,,,,master,Gretham,,house,,Dunelm',diocese,,,,,,,,,,,,
113 v - 113 v,1502,,,Alexander,,,,,,sender,,,,archbishop,,,,,,,,,,,,,,,,,,
113 v - 113 v,1502,,,,,,,,,addressee,,,,prior,Dunelm',,cathedral church,,,,,,,,,,,,,,,
113 v - 113 v,1502,,,,,,,,,addressees,,,,chapter,Dunelm',,cathedral church,,,,,,,,,,,,,,,
114 r - 114 r,1503,,,Thomas,,[Hatfield],,,,testator,,,,bishop,Dunelm',,diocese,,,,,,,,,,,,,,,
114 r - 114 r,1503,,Sir,Thomas,de,Wodestoke,,,,legatee,,,,earl,Bukyngham,,,,,,,,,,,,,,,,,
114 r - 114 r,1503,,,John,de,Popham,,testator's nephew,,legatee,,,,executor,,,,,,,,,,,,,,,,,,
114 r - 114 r,1503,,Sir,William,de,Wyndesore,,,,testator's debtor,,,knight,,,,,,,,,,,,,,,,,,,
114 r - 114 r,1503,,,Alice,,Perers,,wife,,testator's debtor,,,,,,,,,,,,,,,,,,,,,,
114 r - 114 r,1503,,Sir,John,,,sacre pagine professorem,,,executor,,,,bishop,Herforden',,diocese,,,,,,,,,,,,,,,
114 r - 114 r,1503,,Brother,Thomas,de,Stubbes,,order??,,executor,,,,,,,,,,,,,,,,,,,,,,
114 r - 114 r,1503,,,William,de,Walleworth,,,,executor,,,,mayor,London',,,,,,,,,,,,,,,,,
114 r - 114 r,1503,,Sir,John,de,Henlee,,,,executor,,,,treasurer,,,archbishop's house,,,,,,,,,,,,,,,
114 r - 114 r,1503,,Master,John,,Maundour,,,,executor,,,,chancellor,,,archbishop's house,,,,,,,,,,,,,,,
114 r - 114 r,1503,,,John,,Rouse,,,,executor,,,,citizen,London',,,,,,,,,,,,,,,,,
114 r - 114 r,1503,,Sir,John,,Attelee,,,,executor,,,,,,,,,,,,,,,,,,,,,,
114 r - 114 r,1503,,Sir,William,de,Brantyngham,,,,executor,,,,dean,Langchestr',,,subscriber,,,,,,,,,,,,,,
114 r - 114 r,1503,,Master,William,,Mundy,,,,to draw up will,,,,notary public,,,,,,,,,,,,,,,,,,
114 r - 114 r,1503,,Sir,Nicholas,,Dagworth,,,,witness,,,knight,,,,,,,,,,,,,,,,,,,
114 r - 114 r,1503,,,William,,Plays,,,,witness,,,,esquire,Ebor',,diocese,,,,,,,,,,,,,,,
114 r - 114 r,1503,,,John,,Bathre/Bachre,,,,witness,,,,esquire,Lincoln',,diocese,,,,,,,,,,,,,,,
114 r - 114 r,1503,,Master,Gilbert,de,Avinion',,,,witness,,,medico,,,,,,,,,,,,,,,,,,,
114 r - 114 r,1503,,Sir,Thomas,atte,Coke,,,,witness,,,,rector,"Elmesete, Norwycen' dioc'",,church,,,,,,,,,,,,,,,
114 r - 114 r,1503,,,John,,Philippe,,,,witness,,,,,London',,diocese,,,,,,,,,,,,,,,
114 r - 114 r,1503,,,John,de,Middilham,,,,witness,,,,,Ebor',,diocese,,,,,,,,,,,,,,,
114 r - 114 r,1504,,,Alexander,,,,,,sender,,,,archbishop,,,,,,,,,,,,,,,,,,
114 r - 114 r,1504,,,Thomas,de,Haytefeld,,,,testator,,,,former bishop,Dunelm',,diocese,,,,,,,,,,,,,,,
114 r - 114 r,1504,,Master,John,,Maundour,,,,executor,,,,executor's proctor,,,,,,,,,,,,,,,,,,
114 r - 114 r,1504,,,John,,Popham,,,,executor,,,,,,,,,,,,,,,,,,,,,,
114 r - 114 v,1505,,,Alexander,,,,,,sender,,,,archbishop,,,,,,,,,,,,,,,,,,
114 r - 114 v,1505,,Master,William,de,Denby,,,,addressee,,,,vicar-general,Dunelm',,diocese,,,,,,,,,,,,,,,
114 r - 114 v,1505,,,Thomas,de,Gretham,,,,addressee,,,,rector,Byton',,church,,,,,,,,,,,,,,,
114 r - 114 v,1505,,,Roger,de,Pykryng',,,,addressee,,,,notary public,,,,,,,,,,,,,,,,,,
114 v - 114 v,1506,,,Alexander,,,,,,sender,,,,archbishop,,,,,,,,,,,,,,,,,,
114 v - 114 v,1506,,Master,William,de,Denby,,,,addressee,,,,vicar-general,Dunelm',,diocese,,,,,,,,,,,,,,,
114 v - 114 v,1506,,,Thomas,de,Gretham,,,,addressee,,,,rector,Biton',,church,notary public,,,,,,,,,,,,,,
114 v - 114 v,1506,,,Roger,de,Pikeryng',,,,addressee,,,,rector,Holme,,church,,,,,,,,,,,,,,,
114 v - 114 v,1507,,,Alexander,,,,,,sender,,,,archbishop,,,,,,,,,,,,,,,,,,
114 v - 114 v,1507,,Master,William,de,Denby,,,,addressee,,,,vicar-general,Dunelm',,diocese,,,,,,,,,,,,,,,
114 v - 114 v,1507,,,William,de,Farnham,,,,addressee,,,,"official, court",Dunelm',,diocese,,,,,,,,,,,,,,,
114 v - 114 v,1507,,,Richard II,,,,,,grantor,,,,,,,,,,,,,,,,,,,,,,
114 v - 114 v,1507,,,Hugh,,Herll,,,,grantee,,,clerk,warden,Kiper,,hospital,,,,,,,,,,,,,,,
114 v - 114 v,1508,,,Alexander,,,,,,sender,,,,archbishop,,,,,,,,,,,,,,,,,,
114 v - 114 v,1508,,Master,John,,Derby,,,,addressee,,,,archdeacon,Northumbr',,archdeaconry,,,,,,,,,,,,,,,
114 v - 114 v,1508,,,Hugh,,Herll,,,,new warden,,,,warden,Kiper,,hospital,,,,,,,,,,,,,,,
114 v - 114 v,1509,,,Alexander,,,,,,sender,,,,archbishop,,,,,,,,,,,,,,,,,,
114 v - 114 v,1509,,,,,,,,,addressee,,,,prior provincial,sancti augustini,,order,,,,,,,,,,,,,,,
114 v - 114 v,1509,,,,,,,,,addressees,,,,brothers,sancti augustini,,order,,,,,,,,,,,,,,,
114 v - 114 v,1509,,Sir,Thomas,de,Bello Campo,,,,promoter,,,,earl,Warwici,,,,,,,,,,,,,,,,,
114 v - 114 v,1510,,,Alexander,,,,,,sender,,,,archbishop,,,,,,,,,,,,,,,,,,
114 v - 114 v,1510,,Brother,Robert,,Walworth,,,,addressee,,,,prior,Dunelm',,cathedral church,,,,,,,,,,,,,,,
115 r - 115 r,1511,,,Urban VI,,,,,,sender,,,,pope,,,,,,,,,,,,,,,,,,
115 r - 115 r,1511,,,Alexander,,,,,,addressee,,,,archbishop,Ebor',,archdiocese,,,,,,,,,,,,,,,
115 r - 115 r,1511,,,Thomas,,,,,,former bishop,,,,bishop,Dunelm',,diocese,,,,,,,,,,,,,,,
115 r - 115 r,1511,,,John,,Fordam,,,,bishop elect,,,,bishop,Dunelm',,diocese,,,,,,,,,,,,,,,
115 r - 115 r,1512,,,William,de,Latymer/Latimer,,,,testator,,,,,,,,,,,,,,,,,,,,,,
115 r - 115 r,1512,,,,,,,,,legatee,,,,prior,Gisburn',,priory,,,,,,,,,,,,,,,
115 r - 115 r,1512,,,Robert,de,Bolton',,,,,,,,,,,,,,,,,,,,,,,,,,
115 r - 115 r,1512,,,Elisabet,,,,testator's daughter,,legatee,,,,,,,,,,,,,,,,,,,,,,
115 r - 115 r,1512,,Dame,Maud,,Longespeae,,,,former owner of item bequeathed,,,,countess,Salisbirs,,,,,,,,,,,,,,,,,
115 r - 115 r,1512,,,,,,,testator's wife,,legatee,,,,,,,,,,,,,,,,,,,,,,
115 r - 115 r,1512,,,Henry,,,,,,supervisor,,,,bishop,Wircestre,,diocese,,,,,,,,,,,,,,,
115 r - 115 r,1512,,Brother,Robert,,Hales,,,,supervisor,,,,prior,Saint John de Jerusalem,,,,,,,,,,,,,,,,,
115 r - 115 r,1512,,,Richard,,Ravenser,,,,supervisor,,,,archdeacon,Nichole,,,,,,,,,,,,,,,,,
115 r - 115 r,1512,,,Robert,,Crull,,,,executor,,,,canon,deverwyk',,,,,,,,,,,,,,,,,
115 r - 115 r,1512,,,John,,Holt,,,,executor,,,,,,,,,,,,,,,,,,,,,,
115 r - 115 r,1512,,,Henry,de,Medbourne,,,,executor,,,,,,,,,,,,,,,,,,,,,,
115 r - 115 r,1512,,,William,de,Lutton',,,,executor,,,,,,,,,,,,,,,,,,,,,,
115 r - 115 r,1512,,,Thomas,de,Kerdyngton',,,,executor,,,,,,,,,,,,,,,,,,,,,,
115 v - 115 v,1513,,,William,de,Latimer,,,,testator,,,,,,,,,,,,,,,,,,,,,,
115 v - 115 v,1513,,,Henry,,,,,,grantee of manors,,,,bishop,Wircestre,,diocese,,,,,,,,,,,,,,,
115 v - 115 v,1513,,,Richard,,,,,,grantee of manors,,,,earl,aroundell,,,,,,,,,,,,,,,,,
115 v - 115 v,1513,,Lord,,de,Nevill,,,,new feoffee,,,,,,,,,,,,,,,,,,,,,,
115 v - 115 v,1513,,,Thomas,,Camoys,,testator's cousin,,heir,,,,,,,,,,,,,,,,,,,,,,
115 v - 115 v,1513,,Sir,Thomas,de,Burton',,,,heir,,,,,,,,,,,,,,,,,,,,,,
115 v - 115 v,1513,,,Edward III,,,,,,former king,,,,,,,,,,,,,,,,,,,,,,
115 v - 115 v,1513,,,Robert,de,Bolton',,,,,,,,,,,,,,,,,,,,,,,,,,
115 v - 115 v,1513,,,Laurence,,Trussel,,testator's cousin,,legatee,,,,,,,,,,,,,,,,,,,,,,
115 v- 115 v,1514,,,[William],[de],[Latimer],,,,testator,,,,,,,,,,,,,,,,,,,,,,
115 v- 115 v,1514,,,Simon,,,,,,presiding,,,,archbishop,Cantuar',,archdiocese,,,,,,,,,,,,,,,
115 v- 115 v,1514,,Sir,Henry,de,Medburne,,,,executor,,,chaplain,,,,,,,,,,,,,,,,,,,
115 v- 115 v,1514,,,Thomas,de,Kerdyngton',,,,executor,,,clerk,,,,,,,,,,,,,,,,,,,
115 v - 116 r,1515,,,Henry,,Snayth,,,,testator,,,clerk,,,,,legatee,,,,,,,,,,,,,,
115 v - 116 r,1515,,Sir,John,de,Bokyngham,,,,mentioned,,,,bishop,Lincoln',,diocese,,,,executor,,,,,,,,,,,
115 v - 116 r,1515,,,Edward III,,,,,,mentioned,,,,king,,,,,,,,,,,,,,,,,,
115 v - 116 r,1515,,Brother,John,de,Goldale,,,,mentioned,,,,former monk,Selby,,abbey,,,,,,,,,,,,,,,
115 v - 116 r,1515,,,,,,,,,legatee,,,,abbot,Selby,,abbey,,,,,,,,,,,,,,,
115 v - 116 r,1515,,Sir,Richard,de,Chesterfeld,,,,legatee,,,,executor,,,,,,,,,,,,,,,,,,
115 v - 116 r,1515,,Master,Walter,de,Skyrlowe,,,,legatee,,,,executor,,,,,,,,,,,,,,,,,,
115 v - 116 r,1515,,,Thomas,,Hervy,,,,legatee,,,,executor,,,,,,,,,,,,,,,,,,
115 v - 116 r,1515,,,John,,Holt,,,,legatee,,,,,,,,,,,,,,,,,,,,,,
115 v - 116 r,1515,,,Roger,,Perwyche,,,,legatee,,,,executor,,,,,,,,,,,,,,,,,,
115 v - 116 r,1515,,Sir,Peter,de,Hordon'/Horndon',,,,legatee,,,,executor,,,,,,,,,,,,,,,,,,
115 v - 116 r,1515,,,Liard,de,Watton,,white horse,,legacy,,,,,,,,,,,,,,,,,,,,,,
115 v - 116 r,1515,,Sir,John,,Bankwell/Bankewell,,,,legatee,,,,executor,,,,,,,,,,,,,,,,,,
115 v - 116 r,1515,,,Richard,,Lely,,,,legatee,,,,,,,,,,,,,,,,,,,,,,
115 v - 116 r,1515,,,Amy,,[Lely],,legatee's wife,,legatee,,,,,,,,,,,,,,,,,,,,,,
115 v - 116 r,1515,,Sir,Nicholas,,Bayser ,,,,legatee,,,,,,,,,,,,,,,,,,,,,,
115 v - 116 r,1515,,,John,,Elmsale,,,,legatee,,,,,,,,,,,,,,,,,,,,,,
115 v - 116 r,1515,,,Walter,,cocus,,,,legatee,,,,,,,,,,,,,,,,,,,,,,
115 v - 116 r,1515,,,Edmund,,Pincerna,,,,legatee,,,,,,,,,,,,,,,,,,,,,,
115 v - 116 r,1515,,,John,,Kent,,,,legatee,,,,,,,,,,,,,,,,,,,,,,
115 v - 116 r,1515,,,William,de,coquina,,,,legatee,,,,,,,,,,,,,,,,,,,,,,
115 v - 116 r,1515,,,Robert,,Barbour,,,,legatee,,,,,,,,,,,,,,,,,,,,,,
115 v - 116 r,1515,,,Briggef,,cocus,,,,legatee,,,,,,,,,,,,,,,,,,,,,,
115 v - 116 r,1515,,,John,,Ward,,,,legatee,,,,,,,,,,,,,,,,,,,,,,
115 v - 116 r,1515,,,William,de,Ronkisburgh,,,,legatee,,,,,,,,,,,,,,,,,,,,,,
115 v - 116 r,1515,,Sir,Robert,de,Sekyngdon',,,,legatee,,,,,,,,,,,,,,,,,,,,,,
115 v - 116 r,1515,,Sir,Walter,de,Aldburi,,,,distributor of legacy,,,,,,,,,,,,,,,,,,,,,,
115 v - 116 r,1515,,,William,de,Risceby/Rischeby,,testator's cousin/kinsman (cognate mee),,legatee,,,,executor,,,,,,,,,,,,,,,,,,
115 v - 116 r,1515,,,Matilda,,Crake,,,,legatee,,,,,,,,,,,,,,,,,,,,,,
115 v - 116 r,1515,,,John,,Crake,,,,legatee,,,,,,,,,,,,,,,,,,,,,,
115 v - 116 r,1515,,,Alan,,Risceby,,,,legatee,,,,,,,,,,,,,,,,,,,,,,
115 v - 116 r,1515,,,Alan,,Crake,,,,legatee,,,,,,,,,,,,,,,,,,,,,,
115 v - 116 r,1515,,,John,,Riscebi,,,,legatee,,,,,,,,,,,,,,,,,,,,,,
115 v - 116 r,1515,,,Radulphus,,Risceby,,,,legatee,,,,,,,,,,,,,,,,,,,,,,
115 v - 116 r,1515,,,Isabell,[de],Risceby,,daughter of William de Risceby,,legatee,,,,,,,,,,,,,,,,,,,,,,
115 v - 116 r,1515,,Sir,John,,Depyng,,,,legatee,,,,,,,,,,,,,,,,,,,,,,
115 v - 116 r,1515,,,John,,Ask',,,,legatee,,,,,,,,,,,,,,,,,,,,,,
115 v - 116 r,1515,,Sir,William,,Tapton',,,,legatee,,,chaplain,,,,,,,,,,,,,,,,,,,
115 v - 116 r,1515,,Sir,William,de,Hedon',,,,legatee,,,,chaplain,Beverl',,,,,,,,,,,,,,,,,
115 v - 116 r,1515,,,Beatrice,de,Langford,,,,legatee,,,,,,,,,,,,,,,,,,,,,,
115 v - 116 r,1515,,,Margaret,de,Clopton',,,,legatee,,,,,,,,,,,,,,,,,,,,,,
115 v - 116 r,1515,,,Agnes,,,,daughter of Agnes Coppyndale,,legatee,,,,,,,,,,,,,,,,,,,,,,
115 v - 116 r,1515,,,Agnes,,Coppyndale,,mother of legatee,,mentioned,,,,,,,,,,,,,,,,,,,,,,
115 v - 116 r,1515,,Master,Nicholas,,Long',,,,keeper of legacy,,,,executor,,,,,,,,,,,,,,,,,,
115 v - 116 r,1515,,,Joan,,,,acquaintance [mulieri de cognitione] of John Denton,acquaintance [mulieri de cognitione] of John Denton,legatee,,,,,,,,,,,,,,,,,,,,,,
115 v - 116 r,1515,,,John,,Denton,,,,mentioned,,,,,,,,,,,,,,,,,,,,,,
115 v - 116 r,1515,,Sir,Richard,de,Ravens',,,,executor,,,,,,,,,,,,,,,,,,,,,,
116 v - 116 v,1516,,Brother,William,de,Kelstern',,,,admitted,,,,"monk, Augustinian",Hull,,house,,,,,,,,,,,,,,,
116 v - 116 v,1517,,Brother,Thomas,de,Paddelay,,,,admitted,,,,"monk, Carmelite",,,,,,,,,,,,,,,,,,
116 v - 116 v,1518,,,John,,,,,,sender,,,,bishop,Dunelm',,diocese,,,,,,,,,,,,,,,
116 v - 116 v,1518,,,Alexander,,,,,,addressee,,,,archbishop,,,,,,,,,,,,,,,,,,
116 v - 116 v,1518,,,Alexander,,,,,,sender,,,,archbishop,,,,,,,,,,,,,,,,,,
116 v - 116 v,1518,,,John,,,,,,addressee,,,,bishop,Dunelm',,diocese,,,,,,,,,,,,,,,
116 v - 116 v,1518,,,William,de,Lynton,,,,exchanger,,,,prebendary/portioner,beati cuthberti de Derlyngton',,prebendal or collegiate church,,,,,,,,,,,,,,,
116 v - 116 v,1518,,Master,Robert,de,Dalton',,,,exchanger,,,,warden,beate marie magdalone Ripon',,hospital,,,,,,,,,,,,,,,
116 v - 116 v,1519,,,Alexander,,,,,,sender,,,,archbishop,,,,,,,,,,,,,,,,,,
116 v - 116 v,1519,,Sir,John,de,Seggefeld,,,,addressee,,,,precentor,Ripon',,church,,,,,,,,,,,,,,,
116 v - 116 v,1519,,Master,Robert,de,Dalton',,,,former warden,,,,warden,"beate marie magdal', Ripon'",,hospital,prebendary,,,,,,,,,,,,,,
116 v - 116 v,1519,,,William,,Lynton,,,,new warden,,,,warden,"beate marie magdal', Ripon'",,hospital,,"sancti Cuthberti, Derlynton'",collegiate church,,,,,,,,,,,,
116 v - 116 v,1520,,,Peter,de,Malo lacu,, sextus,,testator,,,,,,,,,,,,,,,,,,,,,,
116 v - 116 v,1520,,Sir,Henry,de,Percy,,,,grantee,,,,,,,,,,,,,,,,,,,,,,
116 v - 116 v,1520,,,Roger,de,Clifford,,,,grantee,,,,,,,,,,,,,,,,,,,,,,
116 v - 116 v,1520,,,Richard,de,Ravenser,,,,grantee,,,,archdeacon,Lincoln',,,executor,,,,,,,,,,,,,,
116 v - 116 v,1520,,,John,de,Hotham,,,,grantee,,,chivaler,payer,,,,payer,,,,,,,,,,,,,,
116 v - 116 v,1520,,,William,de,Ake,,,,grantee,,,,parson,Lokynton',,,,,,executor,,,,,,,,,,,
116 v - 116 v,1520,,Dame,Margaret,de,Malo lacu,,testator's mother,,mentioned,,,,,,,,,,,,,,,,,,,,,,
116 v - 116 v,1520,,Sir,Thomas,de,Percy,,senior,,payer,,,chivaler,executor,,,,,,,,,,,,,,,,,,
116 v - 116 v,1520,,,Thomas,de,Metham,,,,payer,,,chivaler,executor,,,,,,,,,,,,,,,,,,
116 v - 116 v,1520,,,Roger,de,Wyntryngham,,,,payer,,,clerk,executor,,,,,,,,,,,,,,,,,,
116 v - 116 v,1520,,,Hugh,de,Ardern',,,de Driffeld,payer,,,,executor,,,,,,,,,,,,,,,,,,
116 v - 116 v,1520,,,,,,,,,annuitant,,,,abbess,Dennay,,,,,,,,,,,,,,,,,
116 v - 116 v,1520,,,Constance,,,,testator's wife,,legatee,,,,executrix,,,,,,,,,,,,,,,,,,
116 v - 116 v,1520,,,Radulphus,de,Bulmer,,,,minor,,,,,,,,,,,,,,,,,,,,,,
117 r - 117 r,1521,,,Alexander,,,,,,presiding,,,,archbishop,,,,,,,,,,,,,,,,,,
117 r - 117 r,1521,,Sir,John,de,Fordham,,,,new bishop,,,,bishop,Dunelm',,diocese,,,,,,,,,,,,,,,
117 r - 117 r,1521,,Brother,John,de,Shirburn',,,,witness,,,,abbot,Selby,,abbey,,,,,,,,,,,,,,,
117 r - 117 r,1521,,Master,John,de,Clifford,,,,witness,,,,treasurer,,,,,,,,,,,,,,,,,,
117 r - 117 r,1521,,Master,John,de,Waltham,,,,witness,,,,canon,Ebor',,church,,,,,,,,,,,,,,,
117 r - 117 r,1521,,Master,Robert,,Manfeld,doctor of laws,,,witness,,,,provost,Beverlaci,,church,,,,,,,,,,,,,,,
117 r - 117 r,1521,,Master,Richard,de,Conyngston',,,,witness,,,,official of court,Ebor',,,,,,,,,,,,,,,,,
117 r - 117 r,1521,,Sir,John,de,Nevill,,,,witness,,,,lord,de Nevill,,,,,,,,,,,,,,,,,
117 r - 117 r,1521,,Sir,John,,Marmyon',,,,witness,,,knight,,,,,,,,,,,,,,,,,,,
117 r - 117 r,1521,,Sir,John,,Bigot,,,,witness,,,knight,,,,,,,,,,,,,,,,,,,
117 r - 117 r,1521,,Master,John,,Herll',,,,witness,,,,notary public,,,,,,,,,,,,,,,,,,
117 r - 117 r,1521,,Master,Robert,de,Scampston',,,,witness,,,,notary public,,,,,,,,,,,,,,,,,,
117 r - 117 r,1522,,[Sir],[John],[de],[Fordham],,,,new bishop,,,,bishop,[Dunelm'],,[diocese],,,,,,,,,,,,,,,
117 r - 117 r,1522,,,John,de,Scardeburgh,,,,subscriber,,,notary public,clerk,Ebor',,diocese,,,,,,,,,,,,,,,
117 r - 117 r,1523,,[Sir],[John],[de],[Fordham],,,,new bishop,,,,bishop,[Dunelm'],,[diocese],,,,,,,,,,,,,,,
117 r - 117 r,1523,,,John,de,Herle,,,,subscriber,,,notary public,clerk,Dunelmen',,diocese,,,,,,,,,,,,,,,
117 r - 117 r,1524,,[Sir],[John],[de],[Fordham],,,,new bishop,,,,bishop,[Dunelm'],,[diocese],,,,,,,,,,,,,,,
117 r - 117 r,1524,,,Robert,de,Scampston',,notary public,,subscriber,,,,clerk,Eboracen',,diocese,[patron],,,,,,,,,,,,,,
117 r - 117 r,1524,,,Radulphus,,,,,,sender,,,,baron,Graystok',,barony,,[Graystok'],[hospital],,,,,,,,,,,,
117 v - 117 v,1525,,,Alexander,,,,,,addressee,,,,archbishop,,,,,,,,,,,,,,,,,,
117 v - 117 v,1525,,,Gilbert,,Bowet,,,,new master,,,,master,Graystok',,college,[patron],,,,,,,,,,,,,,
117 v - 117 v,1526,,,Radulphus,,,,,,sender,,,,baron,Graystok',,barony,,[Graystok'],[hospital],,,,,,,,,,,,
117 v - 117 v,1526,,,Alexander,,,,,,addressee,,,,archbishop,,,,chantry chaplain,,,,,,,,,,,,,,
117 v - 117 v,1526,,Sir,John,,Lake,,,,chantry chaplain,,,,chaplain,Lichefeld,,diocese,chantry chaplain,"cantar' altaris beate marie virginis, Graystok'",college,,,,,,,,,,,,
117 v - 117 v,1526,,Sir,Thomas,,Chaumberlayn',,,,chantry chaplain,,,,chaplain,Norwic',,diocese,chantry chaplain,"cantar' altaris beate marie virginis, Graystok'",college,,,,,,,,,,,,
117 v - 117 v,1526,,Sir,John,,Alne,,,,chantry chaplain,,,,priest,Ebor',,diocese,chantry chaplain,"cantar' sancti Johannis Baptiste, Graystok'",college,,,,,,,,,,,,
117 v - 117 v,1526,,Sir,Richard,,Barnell,,,,chantry chaplain,,,,priest,Lincoln',,diocese,chantry chaplain,"cantar' altaris sancte Katerine, Graystok'",college,,,,,,,,,,,,
117 v - 117 v,1526,,Sir,Robert,,Neuton',,,,chantry chaplain,,,,priest,Lichefeld,,diocese,chantry chaplain,"cantar' altaris sancti Thome martiris, Graystok'",college,,,,,,,,,,,,
117 v - 117 v,1526,,Sir,John,,Harum,,,,chantry chaplain,,,,chaplain,Ebor',,diocese,,"cantaria' altaris sancti Johannis Evangeliste, Graystok'",college,,,,,,,,,,,,
117 v - 117 v,1527,,,Alexander,,,,,,sender,,,,archbishop,,,,chantry chaplain,,,,,,,,,,,,,,
117 v - 117 v,1527,,Sir,John,,Lake,,,,chaplain,,,,chaplain,Lichefeld,,diocese,,"cantar' altaris beate marie virginis, Graystok'",college,,,,,,,,,,,,
117 v - 117 v,1527,,,Radulphus,,,,,,patron,,,,baron,Graystok',,barony,,,,,,,,,,,,,,,
117 v - 117 v,1528,,,Alexander,,,,,,sender,,,,archbishop,,,,chantry chaplain,,,,,,,,,,,,,,
117 v - 117 v,1528,,Sir,Thomas,,Chaumberlayn',,,,chaplain,,,,chaplain,Norwyc',,diocese,,"cantar' altaris beate marie virginis, Graystok'",college,,,,,,,,,,,,
117 v - 117 v,1528,,,Radulphus,,,,,,patron,,,,baron,Graystok',,barony,,,,,,,,,,,,,,,
117 v - 117 v,1529,,,Alexander,,,,,,sender,,,,archbishop,,,,chantry chaplain,,,,,,,,,,,,,,
117 v - 117 v,1529,,Sir,John,,Alne,,,,chantry chaplain,,,,chaplain,Ebor',,diocese,,"cantar' sancti Johannis Baptiste, Graystok'",college,,,,,,,,,,,,
117 v - 117 v,1529,,,Radulphus,,,,,,patron,,,,baron,Graystok',,barony,,,,,,,,,,,,,,,
117 v - 117 v,1530,,,Alexander,,,,,,sender,,,,archbishop,,,,chantry chaplain,,,,,,,,,,,,,,
117 v - 117 v,1530,,Sir,Richard,,Barnell,,,,chantry chaplain,,,,chaplain,Lincoln',,diocese,,"cantar' altaris sancte Katerine, Graystok'",college,,,,,,,,,,,,
117 v - 117 v,1530,,,Radulphus,,,,,,patron,,,,baron,Graystok',,barony,,,,,,,,,,,,,,,
117 v - 117 v,1531,,,Alexander,,,,,,sender,,,,archbishop,,,,chantry chaplain,,,,,,,,,,,,,,
117 v - 117 v,1531,,Sir,Robert,de,Neuton',,,,chantry chaplain,,,,chaplain,Lichefeld,,diocese,,"cantar' altaris sancti Thome martiris, Graystok'",college,,,,,,,,,,,,
117 v - 117 v,1531,,,Radulphus,,,,,,patron,,,,baron,Graystok',,barony,,,,,,,,,,,,,,,
117 v - 117 v,1532,,,Alexander,,,,,,sender,,,,archbishop,,,,chantry chaplain,,,,,,,,,,,,,,
117 v - 117 v,1532,,Sir,John,de,Harum,,,,chantry chaplain,,,,chaplain,Ebor',,diocese,,"cantaria' altaris sancti Johannis Evangeliste, Graystok'",college,,,,,,,,,,,,
117 v - 117 v,1532,,,Radulphus,,,,,,patron,,,,baron,Graystok',,barony,,,,,,,,,,,,,,,
117 v - 117 v,1533,,,Alexander,,,,,,sender,,,,archbishop,,,,,,,,,,,,,,,,,,
117 v - 117 v,1533,,Master,Henry,,Bowet,,,,addressee,,,,,,,,,,,,,,,,,,,,,,
117 v - 117 v,1534,,,Alexander,,,,,,sender,,,,archbishop,,,,master,,,,,,,,,,,,,,
117 v - 117 v,1534,,Sir,Gilbert,,Bowet,,,,addressee,,,,chaplain,Karliolen',,diocese,,Graystok',college,,,,,,,,,,,,
117 v - 117 v,1534,,,Radulphus,,,,,,patron,,,,baron,Graystok',,barony,,,,,,,,,,,,,,,